name,rating,review_count,price,categories,address,latitude,longitude,yelp_url,score,price_level
Molly Tea,4.5,1547,$$,"Bubble Tea, Coffee & Tea","425 W Valley Blvd, Ste 101-102, San Gabriel, CA 91776",34.0796986,-118.10643874560476,https://www.yelp.com/biz/molly-tea-san-gabriel-3?adjust_creative=WYnczc9sYXmFLFotwsvgBA&utm_campaign=yelp_api_v3&utm_medium=api_v3_business_search&utm_source=WYnczc9sYXmFLFotwsvgBA,33.05123574367353,Medium
BenGong’s Tea,4.7,362,$$,"Bubble Tea, Coffee & Tea, Beverage Store","500 E Valley Blvd, San Gabriel, CA 91776",34.07967107399442,-118.0945345,https://www.yelp.com/biz/bengong-s-tea-san-gabriel-5?adjust_creative=WYnczc9sYXmFLFotwsvgBA&utm_campaign=yelp_api_v3&utm_medium=api_v3_business_search&utm_source=WYnczc9sYXmFLFotwsvgBA,27.7036933210448,Medium
Chicha San Chen,4.0,1326,$,"Bubble Tea, Taiwanese, Tea Rooms","301 W Valley Blvd, Ste 116, San Gabriel, CA 91776",34.08006526086621,-118.10435566835947,https://www.yelp.com/biz/chicha-san-chen-san-gabriel-13?adjust_creative=WYnczc9sYXmFLFotwsvgBA&utm_campaign=yelp_api_v3&utm_medium=api_v3_business_search&utm_source=WYnczc9sYXmFLFotwsvgBA,28.76270413732883,Low
Formosa Aroma,4.3,164,$$,"Bubble Tea, Tea Rooms, Juice Bars & Smoothies","5570 Rosemead Blvd, Unit 130, Temple City, CA 91780",34.10112,-118.07287,https://www.yelp.com/biz/formosa-aroma-temple-city-2?adjust_creative=WYnczc9sYXmFLFotwsvgBA&utm_campaign=yelp_api_v3&utm_medium=api_v3_business_search&utm_source=WYnczc9sYXmFLFotwsvgBA,21.955565537772493,Medium
3Catea,3.9,317,$$,Bubble Tea,"432 E Valley Blvd, Ste D, San Gabriel, CA 91776",34.07964,-118.09497,https://www.yelp.com/biz/3catea-san-gabriel-5?adjust_creative=WYnczc9sYXmFLFotwsvgBA&utm_campaign=yelp_api_v3&utm_medium=api_v3_business_search&utm_source=WYnczc9sYXmFLFotwsvgBA,22.47200039284269,Medium
Torotea,4.4,397,,"Coffee & Tea, Tea Rooms, Bubble Tea","2322 Huntington Dr, San Marino, CA 91108",34.122233,-118.104203,https://www.yelp.com/biz/torotea-san-marino?adjust_creative=WYnczc9sYXmFLFotwsvgBA&utm_campaign=yelp_api_v3&utm_medium=api_v3_business_search&utm_source=WYnczc9sYXmFLFotwsvgBA,26.340388823251526,Unknown
ALittle Tea,3.8,308,$,Bubble Tea,"158 W Valley Blvd, San Gabriel, CA 91776",34.07940524645661,-118.1021386272315,https://www.yelp.com/biz/alittle-tea-san-gabriel?adjust_creative=WYnczc9sYXmFLFotwsvgBA&utm_campaign=yelp_api_v3&utm_medium=api_v3_business_search&utm_source=WYnczc9sYXmFLFotwsvgBA,21.786696852211435,Low
UG Tea,4.1,43,$$,"Bubble Tea, Coffee & Tea","308 W Valley Blvd, San Gabriel, CA 91776",34.079251,-118.103936,https://www.yelp.com/biz/ug-tea-san-gabriel-3?adjust_creative=WYnczc9sYXmFLFotwsvgBA&utm_campaign=yelp_api_v3&utm_medium=api_v3_business_search&utm_source=WYnczc9sYXmFLFotwsvgBA,15.515177499064869,Medium
Yi Fang Taiwan Fruit Tea,4.0,529,$$,"Bubble Tea, Tea Rooms, Juice Bars & Smoothies","534 E Valley Blvd, Unit 6, San Gabriel, CA 91776",34.0796807,-118.0934797,https://www.yelp.com/biz/yi-fang-taiwan-fruit-tea-san-gabriel?adjust_creative=WYnczc9sYXmFLFotwsvgBA&utm_campaign=yelp_api_v3&utm_medium=api_v3_business_search&utm_source=WYnczc9sYXmFLFotwsvgBA,25.09150802618467,Medium
Formosa Aroma,4.2,555,$$,"Bubble Tea, Tea Rooms, Juice Bars & Smoothies","560 W Main St, Ste B, Alhambra, CA 91801",34.0921154395301,-118.13241251592623,https://www.yelp.com/biz/formosa-aroma-alhambra?adjust_creative=WYnczc9sYXmFLFotwsvgBA&utm_campaign=yelp_api_v3&utm_medium=api_v3_business_search&utm_source=WYnczc9sYXmFLFotwsvgBA,26.547226835852445,Medium
Motto Tea Cafe,4.0,709,$$,"Bubble Tea, Desserts, Pancakes","250 W Valley Blvd, Unit A, San Gabriel, CA 91776",34.07931461382138,-118.10360040340724,https://www.yelp.com/biz/motto-tea-cafe-san-gabriel?adjust_creative=WYnczc9sYXmFLFotwsvgBA&utm_campaign=yelp_api_v3&utm_medium=api_v3_business_search&utm_source=WYnczc9sYXmFLFotwsvgBA,26.261059880141445,Medium
Chun Yang Tea - San Gabriel,4.7,272,$$,"Tea Rooms, Bubble Tea, Coffee & Tea","311 E Valley Blvd, Ste  111, San Gabriel, CA 91776",34.080402,-118.096597,https://www.yelp.com/biz/chun-yang-tea-san-gabriel-san-gabriel?adjust_creative=WYnczc9sYXmFLFotwsvgBA&utm_campaign=yelp_api_v3&utm_medium=api_v3_business_search&utm_source=WYnczc9sYXmFLFotwsvgBA,26.36451743736931,Medium
Wushiland Boba,3.7,890,$$,"Coffee & Tea, Bubble Tea, Juice Bars & Smoothies","140 W Valley Blvd, Ste 104, San Gabriel, CA 91776",34.078851312638804,-118.102142,https://www.yelp.com/biz/wushiland-boba-san-gabriel?adjust_creative=WYnczc9sYXmFLFotwsvgBA&utm_campaign=yelp_api_v3&utm_medium=api_v3_business_search&utm_source=WYnczc9sYXmFLFotwsvgBA,25.131674381641993,Medium
Lucky FruiTea,4.4,122,$$,"Bubble Tea, Juice Bars & Smoothies","737 E Valley Blvd, San Gabriel, CA 91776",34.080687,-118.09126,https://www.yelp.com/biz/lucky-fruitea-san-gabriel?adjust_creative=WYnczc9sYXmFLFotwsvgBA&utm_campaign=yelp_api_v3&utm_medium=api_v3_business_search&utm_source=WYnczc9sYXmFLFotwsvgBA,21.173611163638636,Medium
ChaTraMue Original Thai Tea,4.3,235,$$,"Bubble Tea, Coffee & Tea, Desserts","8450 E Valley Blvd, Ste 107, Rosemead, CA 91770",34.07989770548422,-118.08450647359862,https://www.yelp.com/biz/chatramue-original-thai-tea-rosemead?adjust_creative=WYnczc9sYXmFLFotwsvgBA&utm_campaign=yelp_api_v3&utm_medium=api_v3_business_search&utm_source=WYnczc9sYXmFLFotwsvgBA,23.494476761610123,Medium
Tea Maru,3.9,837,$$,"Bubble Tea, Tea Rooms","709 W Las Tunas Dr, San Gabriel, CA 91776",34.10278201269166,-118.11047145594031,https://www.yelp.com/biz/tea-maru-san-gabriel-11?adjust_creative=WYnczc9sYXmFLFotwsvgBA&utm_campaign=yelp_api_v3&utm_medium=api_v3_business_search&utm_source=WYnczc9sYXmFLFotwsvgBA,26.250970591880122,Medium
Factory Tea Bar - San Gabriel,3.7,2137,$$,"Bubble Tea, Karaoke, Arcades","323 S Mission Dr, San Gabriel, CA 91776",34.09756,-118.10917,https://www.yelp.com/biz/factory-tea-bar-san-gabriel-san-gabriel?adjust_creative=WYnczc9sYXmFLFotwsvgBA&utm_campaign=yelp_api_v3&utm_medium=api_v3_business_search&utm_source=WYnczc9sYXmFLFotwsvgBA,28.370216538864465,Medium
ICI Tea Drinks,4.7,158,$$,Bubble Tea,"301 W Valley Blvd, Ste 102, San Gabriel, CA 91776",34.07986541478172,-118.1039511217139,https://www.yelp.com/biz/ici-tea-drinks-san-gabriel?adjust_creative=WYnczc9sYXmFLFotwsvgBA&utm_campaign=yelp_api_v3&utm_medium=api_v3_business_search&utm_source=WYnczc9sYXmFLFotwsvgBA,23.823849750435087,Medium
BoBaPOP Tea Bar,4.1,714,$$,"Coffee & Tea, Bubble Tea","625 E Valley Blvd, Ste L, San Gabriel, CA 91776",34.080493,-118.091991,https://www.yelp.com/biz/bobapop-tea-bar-san-gabriel-3?adjust_creative=WYnczc9sYXmFLFotwsvgBA&utm_campaign=yelp_api_v3&utm_medium=api_v3_business_search&utm_source=WYnczc9sYXmFLFotwsvgBA,26.946358425045428,Medium
R&B Tea,4.7,554,$$,"Bubble Tea, Coffee & Tea","8526 Valley Blvd, Ste 110, Rosemead, CA 91770",34.07997615937083,-118.08267607418078,https://www.yelp.com/biz/r-and-b-tea-rosemead-2?adjust_creative=WYnczc9sYXmFLFotwsvgBA&utm_campaign=yelp_api_v3&utm_medium=api_v3_business_search&utm_source=WYnczc9sYXmFLFotwsvgBA,29.699150134608242,Medium
Wushiland Boba,4.3,90,$$,Bubble Tea,"150 E Main St, Ste 110, Alhambra, CA 91801",34.095471,-118.125204,https://www.yelp.com/biz/wushiland-boba-alhambra?adjust_creative=WYnczc9sYXmFLFotwsvgBA&utm_campaign=yelp_api_v3&utm_medium=api_v3_business_search&utm_source=WYnczc9sYXmFLFotwsvgBA,19.396695878022452,Medium
Heytea,3.9,211,,"Bubble Tea, Coffee & Tea","500 N Atlantic Blvd, Ste 177, Monterey Park, CA 91754",34.06817420513761,-118.13416802677662,https://www.yelp.com/biz/heytea-monterey-park-4?adjust_creative=WYnczc9sYXmFLFotwsvgBA&utm_campaign=yelp_api_v3&utm_medium=api_v3_business_search&utm_source=WYnczc9sYXmFLFotwsvgBA,20.890686471220846,Unknown
Half & Half Tea Express,3.5,2920,$$,"Juice Bars & Smoothies, Bubble Tea","141 N Atlantic Blvd, Ste 112, Monterey Park, CA 91754",34.063556775734,-118.134433969535,https://www.yelp.com/biz/half-and-half-tea-express-monterey-park?adjust_creative=WYnczc9sYXmFLFotwsvgBA&utm_campaign=yelp_api_v3&utm_medium=api_v3_business_search&utm_source=WYnczc9sYXmFLFotwsvgBA,27.928884558357094,Medium
Bopomofo Cafe,4.3,2338,$$,"Bubble Tea, Cafes, American","841 W Las Tunas Dr, San Gabriel, CA 91776",34.1022936,-118.1118094,https://www.yelp.com/biz/bopomofo-cafe-san-gabriel?adjust_creative=WYnczc9sYXmFLFotwsvgBA&utm_campaign=yelp_api_v3&utm_medium=api_v3_business_search&utm_source=WYnczc9sYXmFLFotwsvgBA,33.35715869631197,Medium
Sunright Tea Studio - San Gabriel,3.9,194,$$,Bubble Tea,"1245 S San Gabriel Blvd, San Gabriel, CA 91776",34.08464,-118.09106,https://www.yelp.com/biz/sunright-tea-studio-san-gabriel-san-gabriel?adjust_creative=WYnczc9sYXmFLFotwsvgBA&utm_campaign=yelp_api_v3&utm_medium=api_v3_business_search&utm_source=WYnczc9sYXmFLFotwsvgBA,20.564698278398613,Medium
Moncha Cafe,4.6,74,,"Bubble Tea, Coffee & Tea","8547 Valley Blvd, Unit B, Rosemead, CA 91770",34.080893,-118.082458,https://www.yelp.com/biz/moncha-cafe-rosemead?adjust_creative=WYnczc9sYXmFLFotwsvgBA&utm_campaign=yelp_api_v3&utm_medium=api_v3_business_search&utm_source=WYnczc9sYXmFLFotwsvgBA,19.860445322267026,Unknown
Pawfect Drinks,3.8,270,$,"Bubble Tea, Juice Bars & Smoothies, Ice Cream & Frozen Yogurt","113 W Las Tunas Dr, Ste 101, San Gabriel, CA 91776",34.102999,-118.100579,https://www.yelp.com/biz/pawfect-drinks-san-gabriel-4?adjust_creative=WYnczc9sYXmFLFotwsvgBA&utm_campaign=yelp_api_v3&utm_medium=api_v3_business_search&utm_source=WYnczc9sYXmFLFotwsvgBA,21.28805151934286,Low
3CAT Handcrafted Beverage,4.3,263,$$,"Bubble Tea, Tea Rooms, Juice Bars & Smoothies","400 S Baldwin Ave, Ste 2285, Arcadia, CA 91007",34.134923,-118.050996,https://www.yelp.com/biz/3cat-handcrafted-beverage-arcadia-2?adjust_creative=WYnczc9sYXmFLFotwsvgBA&utm_campaign=yelp_api_v3&utm_medium=api_v3_business_search&utm_source=WYnczc9sYXmFLFotwsvgBA,23.976581143529156,Medium
L2 Tea Club,4.1,193,$$,Bubble Tea,"1635 S San Gabriel Blvd, Unit D, San Gabriel, CA 91776",34.0789,-118.09203,https://www.yelp.com/biz/l2-tea-club-san-gabriel?adjust_creative=WYnczc9sYXmFLFotwsvgBA&utm_campaign=yelp_api_v3&utm_medium=api_v3_business_search&utm_source=WYnczc9sYXmFLFotwsvgBA,21.598218452159642,Medium
CoCo Fresh Tea & Juice,3.8,54,$$,"Coffee & Tea, Bubble Tea","927 E Las Tunas Dr, Ste C, San Gabriel, CA 91776",34.10388804802439,-118.08761567830706,https://www.yelp.com/biz/coco-fresh-tea-and-juice-san-gabriel-2?adjust_creative=WYnczc9sYXmFLFotwsvgBA&utm_campaign=yelp_api_v3&utm_medium=api_v3_business_search&utm_source=WYnczc9sYXmFLFotwsvgBA,15.22786610388339,Medium
Tea Brick,3.9,1918,$$,"Tea Rooms, Bubble Tea, Juice Bars & Smoothies","501 W Garvey Ave, Ste 105, Monterey Park, CA 91754",34.06274,-118.12961,https://www.yelp.com/biz/tea-brick-monterey-park?adjust_creative=WYnczc9sYXmFLFotwsvgBA&utm_campaign=yelp_api_v3&utm_medium=api_v3_business_search&utm_source=WYnczc9sYXmFLFotwsvgBA,29.48228203443003,Medium
Meet Tea,3.8,1301,$$,"Bubble Tea, Tea Rooms, Desserts","5817 Rosemead Blvd, Temple City, CA 91780",34.10472832652402,-118.07394942870768,https://www.yelp.com/biz/meet-tea-temple-city?adjust_creative=WYnczc9sYXmFLFotwsvgBA&utm_campaign=yelp_api_v3&utm_medium=api_v3_business_search&utm_source=WYnczc9sYXmFLFotwsvgBA,27.252295926520354,Medium
The Tea,4.2,414,$$,"Coffee & Tea, Bubble Tea, Juice Bars & Smoothies","221 N Atlantic Blvd, Monterey Park, CA 91754",34.065086,-118.134763,https://www.yelp.com/biz/the-tea-monterey-park-2?adjust_creative=WYnczc9sYXmFLFotwsvgBA&utm_campaign=yelp_api_v3&utm_medium=api_v3_business_search&utm_source=WYnczc9sYXmFLFotwsvgBA,25.318769784968932,Medium
Bearology,4.1,567,$$,"Juice Bars & Smoothies, Bubble Tea","5805 Rosemead Blvd, Temple City, CA 91780",34.1053812,-118.0745678,https://www.yelp.com/biz/bearology-temple-city?adjust_creative=WYnczc9sYXmFLFotwsvgBA&utm_campaign=yelp_api_v3&utm_medium=api_v3_business_search&utm_source=WYnczc9sYXmFLFotwsvgBA,26.00269781675672,Medium
YOTEA ,4.2,276,$$,"Bubble Tea, Coffee & Tea, Juice Bars & Smoothies","8449 Garvey Ave, Ste 104, Rosemead, CA 91770",34.06283484307185,-118.0846739,https://www.yelp.com/biz/yotea-rosemead?adjust_creative=WYnczc9sYXmFLFotwsvgBA&utm_campaign=yelp_api_v3&utm_medium=api_v3_business_search&utm_source=WYnczc9sYXmFLFotwsvgBA,23.620873525986823,Medium
Cha Express,3.7,187,$,"Bubble Tea, Coffee & Tea, Cafes","35 Valley Blvd, Ste C, Alhambra, CA 91801",34.07884171332672,-118.1238918455586,https://www.yelp.com/biz/cha-express-alhambra?adjust_creative=WYnczc9sYXmFLFotwsvgBA&utm_campaign=yelp_api_v3&utm_medium=api_v3_business_search&utm_source=WYnczc9sYXmFLFotwsvgBA,19.374835262470814,Low
Twinkle Tea - Alhambra,3.9,1215,$$,"Coffee & Tea, Juice Bars & Smoothies, Bubble Tea","406 E Valley Blvd, Alhambra, CA 91801",34.0787401922217,-118.117984700771,https://www.yelp.com/biz/twinkle-tea-alhambra-alhambra-5?adjust_creative=WYnczc9sYXmFLFotwsvgBA&utm_campaign=yelp_api_v3&utm_medium=api_v3_business_search&utm_source=WYnczc9sYXmFLFotwsvgBA,27.702956043851838,Medium
Boba Ave Express,4.5,3152,$$,"Bubble Tea, Juice Bars & Smoothies, Tea Rooms","1437 S Baldwin Ave, Arcadia, CA 91007",34.1227842685107,-118.0554061,https://www.yelp.com/biz/boba-ave-express-arcadia?adjust_creative=WYnczc9sYXmFLFotwsvgBA&utm_campaign=yelp_api_v3&utm_medium=api_v3_business_search&utm_source=WYnczc9sYXmFLFotwsvgBA,36.252493467952775,Medium
HOJI Tea Community,4.3,386,$,"Bubble Tea, Cafes, Tea Rooms","1271 East Green St, Pasadena, CA 91106",34.144762,-118.1241937,https://www.yelp.com/biz/hoji-tea-community-pasadena?adjust_creative=WYnczc9sYXmFLFotwsvgBA&utm_campaign=yelp_api_v3&utm_medium=api_v3_business_search&utm_source=WYnczc9sYXmFLFotwsvgBA,25.62122618002806,Low
Xing Fu Tang,3.5,476,$$,Bubble Tea,"1468 E Valley Blvd, Alhambra, CA 91801",34.079004220146516,-118.10864314116633,https://www.yelp.com/biz/xing-fu-tang-alhambra?adjust_creative=WYnczc9sYXmFLFotwsvgBA&utm_campaign=yelp_api_v3&utm_medium=api_v3_business_search&utm_source=WYnczc9sYXmFLFotwsvgBA,21.586307718109197,Medium
Happy Lemon,4.4,93,$$,"Bubble Tea, Coffee & Tea, Juice Bars & Smoothies","1411 S Garfield Ave, Ste 101, Alhambra, CA 91801",34.07784,-118.1231945,https://www.yelp.com/biz/happy-lemon-alhambra-3?adjust_creative=WYnczc9sYXmFLFotwsvgBA&utm_campaign=yelp_api_v3&utm_medium=api_v3_business_search&utm_source=WYnczc9sYXmFLFotwsvgBA,19.990497041988018,Medium
Gotcha Tea House,4.1,425,$$,"Tea Rooms, Bubble Tea","3524 Rosemead Blvd, Rosemead, CA 91770",34.07318460343258,-118.07129719678396,https://www.yelp.com/biz/gotcha-tea-house-rosemead-2?adjust_creative=WYnczc9sYXmFLFotwsvgBA&utm_campaign=yelp_api_v3&utm_medium=api_v3_business_search&utm_source=WYnczc9sYXmFLFotwsvgBA,24.823201319704417,Medium
One Tea,4.7,207,,Bubble Tea,"9653 East Las Tunas Dr, Temple City, CA 91780",34.10724,-118.05908,https://www.yelp.com/biz/one-tea-temple-city?adjust_creative=WYnczc9sYXmFLFotwsvgBA&utm_campaign=yelp_api_v3&utm_medium=api_v3_business_search&utm_source=WYnczc9sYXmFLFotwsvgBA,25.086428974596195,Unknown
Chicha San Chen,4.3,46,$$$,"Bubble Tea, Tea Rooms","629 W Duarte Rd, Arcadia, CA 91007",34.126753,-118.052684,https://www.yelp.com/biz/chicha-san-chen-arcadia?adjust_creative=WYnczc9sYXmFLFotwsvgBA&utm_campaign=yelp_api_v3&utm_medium=api_v3_business_search&utm_source=WYnczc9sYXmFLFotwsvgBA,16.55563468735325,High
Tastea,4.0,504,$$,"Coffee & Tea, Bubble Tea, Juice Bars & Smoothies","349 E Main St, Ste 104, Alhambra, CA 91801",34.098441,-118.123225,https://www.yelp.com/biz/tastea-alhambra-3?adjust_creative=WYnczc9sYXmFLFotwsvgBA&utm_campaign=yelp_api_v3&utm_medium=api_v3_business_search&utm_source=WYnczc9sYXmFLFotwsvgBA,24.89823371710144,Medium
Summerfield Tea Bar,3.5,182,$,"Bubble Tea, Coffee & Tea, Salad","9021 Valley Blvd, Rosemead, CA 91770",34.0812,-118.07207,https://www.yelp.com/biz/summerfield-tea-bar-rosemead?adjust_creative=WYnczc9sYXmFLFotwsvgBA&utm_campaign=yelp_api_v3&utm_medium=api_v3_business_search&utm_source=WYnczc9sYXmFLFotwsvgBA,18.233201534944975,Low
Sunright Tea Studio - Monterey Park,4.1,426,$$,"Bubble Tea, Coffee & Tea, Juice Bars & Smoothies","141 N Atlantic Blvd, Ste 107, Monterey Park, CA 91754",34.064093,-118.13447519805077,https://www.yelp.com/biz/sunright-tea-studio-monterey-park-monterey-park-2?adjust_creative=WYnczc9sYXmFLFotwsvgBA&utm_campaign=yelp_api_v3&utm_medium=api_v3_business_search&utm_source=WYnczc9sYXmFLFotwsvgBA,24.832814454237358,Medium
Chicha San Chen,4.3,173,$,"Bubble Tea, Taiwanese, Tea Rooms","30 W Main St, Alhambra, CA 91801",34.094594219132496,-118.12734127000984,https://www.yelp.com/biz/chicha-san-chen-alhambra-13?adjust_creative=WYnczc9sYXmFLFotwsvgBA&utm_campaign=yelp_api_v3&utm_medium=api_v3_business_search&utm_source=WYnczc9sYXmFLFotwsvgBA,22.183937786622476,Low
Moo Tea,4.3,302,$$,"Tea Rooms, Bubble Tea, Juice Bars & Smoothies","1457 E Valley Blvd, Alhambra, CA 91801",34.079484,-118.108773,https://www.yelp.com/biz/moo-tea-alhambra-3?adjust_creative=WYnczc9sYXmFLFotwsvgBA&utm_campaign=yelp_api_v3&utm_medium=api_v3_business_search&utm_source=WYnczc9sYXmFLFotwsvgBA,24.569051063690285,Medium
Fujiwara Tofu Cafe,3.9,296,$,"Bubble Tea, Themed Cafes","9216 Flair Dr, Unit B, El Monte, CA 91731",34.0716,-118.06762,https://www.yelp.com/biz/fujiwara-tofu-cafe-el-monte-2?adjust_creative=WYnczc9sYXmFLFotwsvgBA&utm_campaign=yelp_api_v3&utm_medium=api_v3_business_search&utm_source=WYnczc9sYXmFLFotwsvgBA,22.20555534133053,Low
Half & Half Good Old Time,3.9,393,$$,"Taiwanese, Bubble Tea, Noodles","704 W Las Tunas Dr, Ste E2, San Gabriel, CA 91776",34.10208,-118.10987,https://www.yelp.com/biz/half-and-half-good-old-time-san-gabriel?adjust_creative=WYnczc9sYXmFLFotwsvgBA&utm_campaign=yelp_api_v3&utm_medium=api_v3_business_search&utm_source=WYnczc9sYXmFLFotwsvgBA,23.30776854626194,Medium
Yi Fang Taiwan Fruit Tea,4.2,162,$,"Bubble Tea, Desserts, Waffles","733 W Naomi Ave, Ste I, Arcadia, CA 91007",34.124947,-118.05653880362686,https://www.yelp.com/biz/yi-fang-taiwan-fruit-tea-arcadia-6?adjust_creative=WYnczc9sYXmFLFotwsvgBA&utm_campaign=yelp_api_v3&utm_medium=api_v3_business_search&utm_source=WYnczc9sYXmFLFotwsvgBA,21.393750843388403,Low
Bobacraft Cafe,4.1,557,$$,Bubble Tea,"410 W Main St, Ste 100, Alhambra, CA 91801",34.092973,-118.131175,https://www.yelp.com/biz/bobacraft-cafe-alhambra?adjust_creative=WYnczc9sYXmFLFotwsvgBA&utm_campaign=yelp_api_v3&utm_medium=api_v3_business_search&utm_source=WYnczc9sYXmFLFotwsvgBA,25.92987174576337,Medium
Meet Fresh,2.9,1283,$$,"Desserts, Bubble Tea, Shaved Ice","9055 Las Tunas Dr, Ste 100, Temple City, CA 91780",34.10459,-118.072771,https://www.yelp.com/biz/meet-fresh-temple-city?adjust_creative=WYnczc9sYXmFLFotwsvgBA&utm_campaign=yelp_api_v3&utm_medium=api_v3_business_search&utm_source=WYnczc9sYXmFLFotwsvgBA,20.757432904324727,Medium
Garage Milk Tea,4.0,83,,Bubble Tea,"119 N Lincoln Ave, Monterey Park, CA 91755",34.06341,-118.12172,https://www.yelp.com/biz/garage-milk-tea-monterey-park-2?adjust_creative=WYnczc9sYXmFLFotwsvgBA&utm_campaign=yelp_api_v3&utm_medium=api_v3_business_search&utm_source=WYnczc9sYXmFLFotwsvgBA,17.723267195373253,Unknown
Nest Tea House,4.2,813,$$,"Bubble Tea, Coffee & Tea, Tea Rooms","556 Las Tunas Dr, Ste 108, Arcadia, CA 91007",34.1070213317871,-118.050727844238,https://www.yelp.com/biz/nest-tea-house-arcadia?adjust_creative=WYnczc9sYXmFLFotwsvgBA&utm_campaign=yelp_api_v3&utm_medium=api_v3_business_search&utm_source=WYnczc9sYXmFLFotwsvgBA,28.14823353721067,Medium
BenGong's Tea - Arcadia,4.2,399,$$,"Bubble Tea, Coffee & Tea","411 E Huntington Dr, Ste 113, Arcadia, CA 91006",34.141016144781254,-118.0217698705523,https://www.yelp.com/biz/bengongs-tea-arcadia-arcadia?adjust_creative=WYnczc9sYXmFLFotwsvgBA&utm_campaign=yelp_api_v3&utm_medium=api_v3_business_search&utm_source=WYnczc9sYXmFLFotwsvgBA,25.164151097853523,Medium
Da Vien Coffee,4.3,444,$$,"Coffee & Tea, Desserts, Bubble Tea","8968 Garvey Ave, Ste A, Rosemead, CA 91770",34.06247983858362,-118.07336711869176,https://www.yelp.com/biz/da-vien-coffee-rosemead-2?adjust_creative=WYnczc9sYXmFLFotwsvgBA&utm_campaign=yelp_api_v3&utm_medium=api_v3_business_search&utm_source=WYnczc9sYXmFLFotwsvgBA,26.221719413314833,Medium
Chapresso,4.5,349,$$,"Bubble Tea, Coffee & Tea, Tea Rooms","2142 Huntington Dr, San Marino, CA 91108",34.12114200098119,-118.1070911,https://www.yelp.com/biz/chapresso-san-marino?adjust_creative=WYnczc9sYXmFLFotwsvgBA&utm_campaign=yelp_api_v3&utm_medium=api_v3_business_search&utm_source=WYnczc9sYXmFLFotwsvgBA,26.360699195175567,Medium
Wushiland Boba,4.9,32,$$,Bubble Tea,"300 E  Colorado Blvd, Ste 124, Pasadena, CA 91101",34.14565248219814,-118.1441076783788,https://www.yelp.com/biz/wushiland-boba-pasadena-2?adjust_creative=WYnczc9sYXmFLFotwsvgBA&utm_campaign=yelp_api_v3&utm_medium=api_v3_business_search&utm_source=WYnczc9sYXmFLFotwsvgBA,17.132887051185755,Medium
Oh My Pan Bakery & Cafe,3.8,1262,$,"Bubble Tea, Bakeries","801 E Valley Blvd, Ste 105, San Gabriel, CA 91776",34.0805595185997,-118.090565126424,https://www.yelp.com/biz/oh-my-pan-bakery-and-cafe-san-gabriel?adjust_creative=WYnczc9sYXmFLFotwsvgBA&utm_campaign=yelp_api_v3&utm_medium=api_v3_business_search&utm_source=WYnczc9sYXmFLFotwsvgBA,27.136731464931866,Low
Tea Station Express,3.6,191,$$,"Bubble Tea, Desserts, Juice Bars & Smoothies","5700 Rosemead Blvd, Ste 102, Temple City, CA 91780",34.1040632,-118.0730429,https://www.yelp.com/biz/tea-station-express-temple-city-2?adjust_creative=WYnczc9sYXmFLFotwsvgBA&utm_campaign=yelp_api_v3&utm_medium=api_v3_business_search&utm_source=WYnczc9sYXmFLFotwsvgBA,18.926983339300016,Medium
R&B Tea,4.3,230,$$,"Coffee & Tea, Bubble Tea","728 S Atlantic Blvd, Unit 107, Monterey Park, CA 91754",34.052981342022655,-118.1362723842265,https://www.yelp.com/biz/r-and-b-tea-monterey-park?adjust_creative=WYnczc9sYXmFLFotwsvgBA&utm_campaign=yelp_api_v3&utm_medium=api_v3_business_search&utm_source=WYnczc9sYXmFLFotwsvgBA,23.40239615524371,Medium
Citeadrinks,3.5,125,,"Bubble Tea, Juice Bars & Smoothies, Tea Rooms","529 E Valley Blvd, Ste 138A, San Gabriel, CA 91776",34.08037498391922,-118.09314330369156,https://www.yelp.com/biz/citeadrinks-san-gabriel-12?adjust_creative=WYnczc9sYXmFLFotwsvgBA&utm_campaign=yelp_api_v3&utm_medium=api_v3_business_search&utm_source=WYnczc9sYXmFLFotwsvgBA,16.926986674330173,Unknown
Bon Appetea Cafe - San Gabriel,3.6,261,$,"Juice Bars & Smoothies, Bubble Tea, Salad","980 E Las Tunas Dr, Ste E, San Gabriel, CA 91776",34.10311,-118.08643,https://www.yelp.com/biz/bon-appetea-cafe-san-gabriel-san-gabriel?adjust_creative=WYnczc9sYXmFLFotwsvgBA&utm_campaign=yelp_api_v3&utm_medium=api_v3_business_search&utm_source=WYnczc9sYXmFLFotwsvgBA,20.04604021353995,Low
CC Cake,4.5,218,$$,"Bubble Tea, Coffee & Tea, Patisserie/Cake Shop","1031 S Baldwin Ave, Arcadia, CA 91007",34.1276428,-118.0550277,https://www.yelp.com/biz/cc-cake-arcadia?adjust_creative=WYnczc9sYXmFLFotwsvgBA&utm_campaign=yelp_api_v3&utm_medium=api_v3_business_search&utm_source=WYnczc9sYXmFLFotwsvgBA,24.250822784174254,Medium
Neighbors Tea House,4.2,588,$,"Bubble Tea, Coffee & Tea, Sandwiches","4213 Rosemead Blvd, Ste H2, Rosemead, CA 91770",34.08323,-118.07372,https://www.yelp.com/biz/neighbors-tea-house-rosemead-3?adjust_creative=WYnczc9sYXmFLFotwsvgBA&utm_campaign=yelp_api_v3&utm_medium=api_v3_business_search&utm_source=WYnczc9sYXmFLFotwsvgBA,26.789389971336664,Low
Motto Tea Cafe,4.2,1081,$$,"Desserts, Bubble Tea, Pancakes","100 W Green St, Unit 101, Pasadena, CA 91105",34.14423,-118.15275,https://www.yelp.com/biz/motto-tea-cafe-pasadena-2?adjust_creative=WYnczc9sYXmFLFotwsvgBA&utm_campaign=yelp_api_v3&utm_medium=api_v3_business_search&utm_source=WYnczc9sYXmFLFotwsvgBA,29.343579129506992,Medium
Macu Tea - Pasadena ,4.5,130,,"Bubble Tea, Coffee & Tea, Juice Bars & Smoothies","20 East Colorado Blvd, Pasadena, CA 91105",34.145484,-118.150011,https://www.yelp.com/biz/macu-tea-pasadena-pasadena-3?adjust_creative=WYnczc9sYXmFLFotwsvgBA&utm_campaign=yelp_api_v3&utm_medium=api_v3_business_search&utm_source=WYnczc9sYXmFLFotwsvgBA,21.93838795440518,Unknown
Sunright Tea Studio - Alhambra,4.1,77,$$,"Bubble Tea, Coffee & Tea, Juice Bars & Smoothies","2320 W Commonwealth Ave, Ste 303, Alhambra, CA 91803",34.08702132823499,-118.14847257057752,https://www.yelp.com/biz/sunright-tea-studio-alhambra-alhambra?adjust_creative=WYnczc9sYXmFLFotwsvgBA&utm_campaign=yelp_api_v3&utm_medium=api_v3_business_search&utm_source=WYnczc9sYXmFLFotwsvgBA,17.862506189427325,Medium
Tpumps - Pasadena,4.1,1423,$$,"Bubble Tea, Coffee & Tea","524 S Lake Ave, Pasadena, CA 91101",34.13683558543087,-118.1319377,https://www.yelp.com/biz/tpumps-pasadena-pasadena?adjust_creative=WYnczc9sYXmFLFotwsvgBA&utm_campaign=yelp_api_v3&utm_medium=api_v3_business_search&utm_source=WYnczc9sYXmFLFotwsvgBA,29.771022877084874,Medium
Sweet Heart Dessert House,3.7,468,$,"Desserts, Cantonese, Bubble Tea","8522 E Valley Blvd, Unit 106, Rosemead, CA 91770",34.0797995794774,-118.083454929292,https://www.yelp.com/biz/sweet-heart-dessert-house-rosemead?adjust_creative=WYnczc9sYXmFLFotwsvgBA&utm_campaign=yelp_api_v3&utm_medium=api_v3_business_search&utm_source=WYnczc9sYXmFLFotwsvgBA,22.757230243251232,Low
Sunmerry Bakery,3.6,529,$,"Bakeries, Bubble Tea, Breakfast & Brunch","5728 Rosemead Blvd, Temple City, CA 91780",34.1040733,-118.0733451,https://www.yelp.com/biz/sunmerry-bakery-temple-city?adjust_creative=WYnczc9sYXmFLFotwsvgBA&utm_campaign=yelp_api_v3&utm_medium=api_v3_business_search&utm_source=WYnczc9sYXmFLFotwsvgBA,22.582357223566202,Low
Odd One Out Tea Pasadena,4.1,165,$$,"Bubble Tea, Tea Rooms, Coffee & Tea","14 S Fair Oaks Ave, Pasadena, CA 91105",34.14549,-118.15027,https://www.yelp.com/biz/odd-one-out-tea-pasadena-pasadena?adjust_creative=WYnczc9sYXmFLFotwsvgBA&utm_campaign=yelp_api_v3&utm_medium=api_v3_business_search&utm_source=WYnczc9sYXmFLFotwsvgBA,20.959149932261827,Medium
Hello Boba,4.4,322,$$,"Coffee & Tea, Bubble Tea, Desserts","11230 Garvey Ave, Ste C, El Monte, CA 91733",34.062457,-118.031157,https://www.yelp.com/biz/hello-boba-el-monte?adjust_creative=WYnczc9sYXmFLFotwsvgBA&utm_campaign=yelp_api_v3&utm_medium=api_v3_business_search&utm_source=WYnczc9sYXmFLFotwsvgBA,25.42167022217969,Medium
B’Lets Roastery,4.0,232,$,"Waffles, Coffee & Tea, Bubble Tea","9328 Garvey Ave, Ste B, South El Monte, CA 91733",34.062455,-118.065651,https://www.yelp.com/biz/b-lets-roastery-south-el-monte-2?adjust_creative=WYnczc9sYXmFLFotwsvgBA&utm_campaign=yelp_api_v3&utm_medium=api_v3_business_search&utm_source=WYnczc9sYXmFLFotwsvgBA,21.8041538142628,Low
Coconut & Co,4.7,260,$$,"Bubble Tea, Juice Bars & Smoothies, Desserts","1045 Valley Blvd, Ste A102, San Gabriel, CA 91776",34.08116,-118.08452,https://www.yelp.com/biz/coconut-and-co-san-gabriel?adjust_creative=WYnczc9sYXmFLFotwsvgBA&utm_campaign=yelp_api_v3&utm_medium=api_v3_business_search&utm_source=WYnczc9sYXmFLFotwsvgBA,26.15324591441666,Medium
Sunright Tea Studio - Arcadia,4.3,242,$$,"Bubble Tea, Coffee & Tea, Juice Bars & Smoothies","1220 S Golden West Ave, Ste A, Arcadia, CA 91007",34.1246801754787,-118.05931842331334,https://www.yelp.com/biz/sunright-tea-studio-arcadia-arcadia-2?adjust_creative=WYnczc9sYXmFLFotwsvgBA&utm_campaign=yelp_api_v3&utm_medium=api_v3_business_search&utm_source=WYnczc9sYXmFLFotwsvgBA,23.620164206364358,Medium
Tim’s Thai Tea,4.1,112,,"Desserts, Bubble Tea, Shaved Ice","264 S Mission Dr, Unit F, San Gabriel , CA 91776",34.0988059,-118.1092204,https://www.yelp.com/biz/tim-s-thai-tea-san-gabriel-4?adjust_creative=WYnczc9sYXmFLFotwsvgBA&utm_campaign=yelp_api_v3&utm_medium=api_v3_business_search&utm_source=WYnczc9sYXmFLFotwsvgBA,19.382290056720596,Unknown
Sharetea,3.9,473,$,"Bubble Tea, Coffee & Tea, Juice Bars & Smoothies","55 E Duarte Rd, Ste 104, Arcadia, CA 91006",34.13004,-118.02898,https://www.yelp.com/biz/sharetea-arcadia-2?adjust_creative=WYnczc9sYXmFLFotwsvgBA&utm_campaign=yelp_api_v3&utm_medium=api_v3_business_search&utm_source=WYnczc9sYXmFLFotwsvgBA,24.028708554610798,Low
Cup of Cha Tea House,4.6,733,$$,"Bubble Tea, Coffee & Tea, Juice Bars & Smoothies","521 S Myrtle Ave, Monrovia, CA 91016",34.146283,-118.001209,https://www.yelp.com/biz/cup-of-cha-tea-house-monrovia?adjust_creative=WYnczc9sYXmFLFotwsvgBA&utm_campaign=yelp_api_v3&utm_medium=api_v3_business_search&utm_source=WYnczc9sYXmFLFotwsvgBA,30.35314153162677,Medium
ALittle Tea,4.4,43,,Bubble Tea,"1671 E Colorado Blvd, Pasadena, CA 91106",34.14625,-118.115944,https://www.yelp.com/biz/alittle-tea-pasadena-2?adjust_creative=WYnczc9sYXmFLFotwsvgBA&utm_campaign=yelp_api_v3&utm_medium=api_v3_business_search&utm_source=WYnczc9sYXmFLFotwsvgBA,16.65043438924035,Unknown
Easweet Tea,4.0,60,$$,"Coffee & Tea, Juice Bars & Smoothies, Bubble Tea","400 S Baldwin Ave, Ste 2203, Arcadia, CA 91007",34.134663258950056,-118.05218304586194,https://www.yelp.com/biz/easweet-tea-arcadia-2?adjust_creative=WYnczc9sYXmFLFotwsvgBA&utm_campaign=yelp_api_v3&utm_medium=api_v3_business_search&utm_source=WYnczc9sYXmFLFotwsvgBA,16.443495456693245,Medium
Why Thirsty,4.0,674,$$,"Taiwanese, Bubble Tea, Noodles","7248 Rosemead Blvd, San Gabriel, CA 91775",34.1290450569645,-118.0726089,https://www.yelp.com/biz/why-thirsty-san-gabriel?adjust_creative=WYnczc9sYXmFLFotwsvgBA&utm_campaign=yelp_api_v3&utm_medium=api_v3_business_search&utm_source=WYnczc9sYXmFLFotwsvgBA,26.05885076349012,Medium
Miss Cheese Tea Cafe,3.8,1343,$$,"Bubble Tea, Cafes, Pancakes","238 S Arroyo Pkwy, Ste 110, Pasadena, CA 91105",34.142129705297776,-118.1472516433694,https://www.yelp.com/biz/miss-cheese-tea-cafe-pasadena-2?adjust_creative=WYnczc9sYXmFLFotwsvgBA&utm_campaign=yelp_api_v3&utm_medium=api_v3_business_search&utm_source=WYnczc9sYXmFLFotwsvgBA,27.37294098011576,Medium
Sunmerry Bakery,3.9,494,$$,"Coffee & Tea, Bakeries, Bubble Tea","500 N Atlantic Blvd, Ste 112, Monterey Park, CA 91754",34.06828,-118.13367,https://www.yelp.com/biz/sunmerry-bakery-monterey-park-4?adjust_creative=WYnczc9sYXmFLFotwsvgBA&utm_campaign=yelp_api_v3&utm_medium=api_v3_business_search&utm_source=WYnczc9sYXmFLFotwsvgBA,24.197775274017893,Medium
HaiCha,5.0,461,$$,"Bubble Tea, Coffee & Tea","12 Harkness Ave, Pasadena, CA 91106",34.146192653259945,-118.1201962,https://www.yelp.com/biz/haicha-pasadena?adjust_creative=WYnczc9sYXmFLFotwsvgBA&utm_campaign=yelp_api_v3&utm_medium=api_v3_business_search&utm_source=WYnczc9sYXmFLFotwsvgBA,30.677824455408693,Medium
Tea Spots,3.7,718,$$,"Shaved Ice, Bubble Tea, Chinese","1443 E Colorado Blvd, Pasadena, CA 91106",34.1464745,-118.12064445950718,https://www.yelp.com/biz/tea-spots-pasadena?adjust_creative=WYnczc9sYXmFLFotwsvgBA&utm_campaign=yelp_api_v3&utm_medium=api_v3_business_search&utm_source=WYnczc9sYXmFLFotwsvgBA,24.338087023567876,Medium
L'moon Creamery - Pasadena,4.6,384,$$,"Ice Cream & Frozen Yogurt, Bubble Tea","1045 E Green St, Pasadena, CA 91106",34.1447008,-118.12879203036526,https://www.yelp.com/biz/l-moon-creamery-pasadena-pasadena?adjust_creative=WYnczc9sYXmFLFotwsvgBA&utm_campaign=yelp_api_v3&utm_medium=api_v3_business_search&utm_source=WYnczc9sYXmFLFotwsvgBA,27.384919337723808,Medium
One Zo - Monterey Park,3.5,816,$$,Bubble Tea,"500 N Atlantic Blvd, Ste 168, Monterey Park, CA 91754",34.068089,-118.133795,https://www.yelp.com/biz/one-zo-monterey-park-monterey-park-6?adjust_creative=WYnczc9sYXmFLFotwsvgBA&utm_campaign=yelp_api_v3&utm_medium=api_v3_business_search&utm_source=WYnczc9sYXmFLFotwsvgBA,23.46973683201001,Medium
Wushiland Boba,3.7,337,$$,"Coffee & Tea, Bubble Tea, Ice Cream & Frozen Yogurt","400 S Baldwin Ave, Ste 231, Santa Anita mall, Arcadia, CA 91007",34.133786810806924,-118.05149621413668,https://www.yelp.com/biz/wushiland-boba-arcadia-5?adjust_creative=WYnczc9sYXmFLFotwsvgBA&utm_campaign=yelp_api_v3&utm_medium=api_v3_business_search&utm_source=WYnczc9sYXmFLFotwsvgBA,21.54526981328717,Medium
Twisteas,4.5,284,$$,"Bubble Tea, Tea Rooms","605 N New Ave, Ste B, Monterey Park, CA 91755",34.069377163084006,-118.1085494,https://www.yelp.com/biz/twisteas-monterey-park?adjust_creative=WYnczc9sYXmFLFotwsvgBA&utm_campaign=yelp_api_v3&utm_medium=api_v3_business_search&utm_source=WYnczc9sYXmFLFotwsvgBA,25.43620131120893,Medium
Molly Tea Arcadia,5.0,2,,"Bubble Tea, Coffee & Tea","1130 S Baldwin Ave, A5, Arcadia, CA 91007",34.12680750455603,-118.05432561762444,https://www.yelp.com/biz/molly-tea-arcadia-arcadia?adjust_creative=WYnczc9sYXmFLFotwsvgBA&utm_campaign=yelp_api_v3&utm_medium=api_v3_business_search&utm_source=WYnczc9sYXmFLFotwsvgBA,5.493061443340547,Unknown
SunTea,4.3,49,,Bubble Tea,"137 N Montebello Blvd, Ste A, Montebello, CA 90640",34.01178938422416,-118.10825211165668,https://www.yelp.com/biz/suntea-montebello?adjust_creative=WYnczc9sYXmFLFotwsvgBA&utm_campaign=yelp_api_v3&utm_medium=api_v3_business_search&utm_source=WYnczc9sYXmFLFotwsvgBA,16.821698923341028,Unknown
Dym - Books & Boba,4.6,38,,"Bookstores, Bubble Tea","2057 N Los Robles Ave, Ste 10, Pasadena, CA 91104",34.18112116992825,-118.14201458884068,https://www.yelp.com/biz/dym-books-and-boba-pasadena?adjust_creative=WYnczc9sYXmFLFotwsvgBA&utm_campaign=yelp_api_v3&utm_medium=api_v3_business_search&utm_source=WYnczc9sYXmFLFotwsvgBA,16.85238357219637,Unknown
Tea Maru,3.8,141,$$,"Tea Rooms, Bubble Tea","57 Wheeler Ave, Unit A, Arcadia, CA 91006",34.1415,-118.0289,https://www.yelp.com/biz/tea-maru-arcadia?adjust_creative=WYnczc9sYXmFLFotwsvgBA&utm_campaign=yelp_api_v3&utm_medium=api_v3_business_search&utm_source=WYnczc9sYXmFLFotwsvgBA,18.83214281888479,Medium
Cha Li,3.7,3,,Bubble Tea,"127 E Garvey Ave, Ste 127A, Monterey Park, CA 91755",34.062767,-118.122004,https://www.yelp.com/biz/cha-li-monterey-park?adjust_creative=WYnczc9sYXmFLFotwsvgBA&utm_campaign=yelp_api_v3&utm_medium=api_v3_business_search&utm_source=WYnczc9sYXmFLFotwsvgBA,5.129289136143595,Unknown
Bon Appetea Cafe - Arcadia,3.8,365,$,"Coffee & Tea, Bubble Tea, Fast Food","160 E Duarte Rd, Ste A, Arcadia, CA 91006",34.1301,-118.0252,https://www.yelp.com/biz/bon-appetea-cafe-arcadia-arcadia?adjust_creative=WYnczc9sYXmFLFotwsvgBA&utm_campaign=yelp_api_v3&utm_medium=api_v3_business_search&utm_source=WYnczc9sYXmFLFotwsvgBA,22.430006666925188,Low
Happy Lemon Arcadia,3.8,71,,"Bubble Tea, Beverage Store, Coffee & Tea","1019 S Baldwin Ave, Arcadia, CA 91007",34.128078,-118.055052,https://www.yelp.com/biz/happy-lemon-arcadia-arcadia-3?adjust_creative=WYnczc9sYXmFLFotwsvgBA&utm_campaign=yelp_api_v3&utm_medium=api_v3_business_search&utm_source=WYnczc9sYXmFLFotwsvgBA,16.25133125226101,Unknown
LT9 Tea Blends,4.5,585,$$,"Bubble Tea, Hainan, Shaved Ice","50 N Raymond Ave, Pasadena, CA 91103",34.1467018369979,-118.14876760362546,https://www.yelp.com/biz/lt9-tea-blends-pasadena?adjust_creative=WYnczc9sYXmFLFotwsvgBA&utm_campaign=yelp_api_v3&utm_medium=api_v3_business_search&utm_source=WYnczc9sYXmFLFotwsvgBA,28.679939053096554,Medium
7 TEA,4.3,184,$$,"Coffee & Tea, Desserts, Bubble Tea","746 E Colorado Blvd, Pasadena, CA 91101",34.14557,-118.13487,https://www.yelp.com/biz/7-tea-pasadena-2?adjust_creative=WYnczc9sYXmFLFotwsvgBA&utm_campaign=yelp_api_v3&utm_medium=api_v3_business_search&utm_source=WYnczc9sYXmFLFotwsvgBA,22.447530047836796,Medium
Prolece Tea,4.2,493,$$,"Bubble Tea, Coffee & Tea, Juice Bars & Smoothies","19 S Fair Oaks Ave, Pasadena, CA 91105",34.1453966027817,-118.150601,https://www.yelp.com/biz/prolece-tea-pasadena-12?adjust_creative=WYnczc9sYXmFLFotwsvgBA&utm_campaign=yelp_api_v3&utm_medium=api_v3_business_search&utm_source=WYnczc9sYXmFLFotwsvgBA,26.050649172189278,Medium
Hello Boba,4.4,35,,"Bubble Tea, Coffee & Tea","4788 Peck Rd, El Monte, CA 91732",34.089989,-118.01387,https://www.yelp.com/biz/hello-boba-el-monte-3?adjust_creative=WYnczc9sYXmFLFotwsvgBA&utm_campaign=yelp_api_v3&utm_medium=api_v3_business_search&utm_source=WYnczc9sYXmFLFotwsvgBA,15.767483329206884,Unknown
Home Brewed Bar,4.3,120,$$,"Coffee & Tea, Bubble Tea, Caterers","101 S Madison Ave, Pasadena, CA 91101",34.144156,-118.138623,https://www.yelp.com/biz/home-brewed-bar-pasadena?adjust_creative=WYnczc9sYXmFLFotwsvgBA&utm_campaign=yelp_api_v3&utm_medium=api_v3_business_search&utm_source=WYnczc9sYXmFLFotwsvgBA,20.621899346065987,Medium
It's Boba Time - Alhambra,3.6,88,$$,"Acai Bowls, Bubble Tea, Juice Bars & Smoothies","9 East Main St, Alhambra, CA 91801",34.09593,-118.12668,https://www.yelp.com/biz/its-boba-time-alhambra-alhambra-2?adjust_creative=WYnczc9sYXmFLFotwsvgBA&utm_campaign=yelp_api_v3&utm_medium=api_v3_business_search&utm_source=WYnczc9sYXmFLFotwsvgBA,16.159090931035703,Medium
Coconut Jelly King - Arcadia,4.2,77,,"Desserts, Bubble Tea, Juice Bars & Smoothies","1101 Huntington Dr, Arcadia, CA 91007",34.1318519954379,-118.06607867055229,https://www.yelp.com/biz/coconut-jelly-king-arcadia-arcadia-2?adjust_creative=WYnczc9sYXmFLFotwsvgBA&utm_campaign=yelp_api_v3&utm_medium=api_v3_business_search&utm_source=WYnczc9sYXmFLFotwsvgBA,18.298177072096287,Unknown
1 Point Little,4.1,9,,"Bubble Tea, Coffee & Tea","1671 E Colorado Blvd, Pasadena, CA 91106",34.14625,-118.115944,https://www.yelp.com/biz/1-point-little-pasadena?adjust_creative=WYnczc9sYXmFLFotwsvgBA&utm_campaign=yelp_api_v3&utm_medium=api_v3_business_search&utm_source=WYnczc9sYXmFLFotwsvgBA,9.440598881275587,Unknown
Hop Cafe,4.5,142,,"Coffee & Tea, Bubble Tea, Chicken Shop","168 Las Tunas Dr, Ste 103, Arcadia, CA 91007",34.10722,-118.037137,https://www.yelp.com/biz/hop-cafe-arcadia?adjust_creative=WYnczc9sYXmFLFotwsvgBA&utm_campaign=yelp_api_v3&utm_medium=api_v3_business_search&utm_source=WYnczc9sYXmFLFotwsvgBA,22.332800836169582,Unknown
Ono Tea House,4.5,86,$,"Bubble Tea, Juice Bars & Smoothies, Coffee & Tea","10533 Garvey Ave, Ste C, El Monte, CA 91733",34.063152,-118.042935,https://www.yelp.com/biz/ono-tea-house-el-monte-3?adjust_creative=WYnczc9sYXmFLFotwsvgBA&utm_campaign=yelp_api_v3&utm_medium=api_v3_business_search&utm_source=WYnczc9sYXmFLFotwsvgBA,20.096586533945626,Low
Lollicup Fresh,3.8,371,$,"Juice Bars & Smoothies, Coffee & Tea, Bubble Tea","228 West Valley Blvd., Ste 106A, Alhambra, CA 91801",34.07832442224515,-118.12482620351928,https://www.yelp.com/biz/lollicup-fresh-alhambra?adjust_creative=WYnczc9sYXmFLFotwsvgBA&utm_campaign=yelp_api_v3&utm_medium=api_v3_business_search&utm_source=WYnczc9sYXmFLFotwsvgBA,22.491796646237955,Low
Yin Yang Tea,4.6,82,$,"Bubble Tea, Coffee & Tea, Juice Bars & Smoothies","1263 N Lake Ave, Pasadena, CA 91104",34.1673315451833,-118.13317834110444,https://www.yelp.com/biz/yin-yang-tea-pasadena?adjust_creative=WYnczc9sYXmFLFotwsvgBA&utm_campaign=yelp_api_v3&utm_medium=api_v3_business_search&utm_source=WYnczc9sYXmFLFotwsvgBA,20.32666679586435,Low
Tru Tea,4.9,30,,"Bakeries, Bubble Tea","396 S Arroyo Pkwy, Pasadena, CA 91105",34.13920131313613,-118.1468712,https://www.yelp.com/biz/tru-tea-pasadena?adjust_creative=WYnczc9sYXmFLFotwsvgBA&utm_campaign=yelp_api_v3&utm_medium=api_v3_business_search&utm_source=WYnczc9sYXmFLFotwsvgBA,16.82653730197722,Unknown
Twinkle Tea - Pasadena ,4.4,189,$$,"Bubble Tea, Coffee & Tea, Juice Bars & Smoothies","498 S Lake Ave Pasadena Ca 91101, Pasadena, CA 91101",34.13726,-118.13196,https://www.yelp.com/biz/twinkle-tea-pasadena-pasadena-2?adjust_creative=WYnczc9sYXmFLFotwsvgBA&utm_campaign=yelp_api_v3&utm_medium=api_v3_business_search&utm_source=WYnczc9sYXmFLFotwsvgBA,23.08690591750614,Medium
TeaBites,4.0,45,$$,"Chinese, Bubble Tea, Coffee & Tea","1811 S San Gabriel Blvd, San Gabriel, CA 91776",34.07668,-118.09103,https://www.yelp.com/biz/teabites-san-gabriel?adjust_creative=WYnczc9sYXmFLFotwsvgBA&utm_campaign=yelp_api_v3&utm_medium=api_v3_business_search&utm_source=WYnczc9sYXmFLFotwsvgBA,15.31456558595638,Medium
January Boba & Cake,4.3,27,,"Coffee & Tea, Patisserie/Cake Shop, Bubble Tea","2089 S Atlantic Blvd, Unit A, Monterey Park, CA 91754",34.040241,-118.143452,https://www.yelp.com/biz/january-boba-and-cake-monterey-park?adjust_creative=WYnczc9sYXmFLFotwsvgBA&utm_campaign=yelp_api_v3&utm_medium=api_v3_business_search&utm_source=WYnczc9sYXmFLFotwsvgBA,14.328479393753376,Unknown
Yu Cake,3.0,95,,"Bubble Tea, Bakeries, Desserts","301 W Valley Blvd, Ste 111, San Gabriel, CA 91776",34.08006,-118.10413,https://www.yelp.com/biz/yu-cake-san-gabriel?adjust_creative=WYnczc9sYXmFLFotwsvgBA&utm_campaign=yelp_api_v3&utm_medium=api_v3_business_search&utm_source=WYnczc9sYXmFLFotwsvgBA,13.693044574403508,Unknown
Bubble Puff & Tea,4.4,265,$,"Bubble Tea, Waffles, Cafes","1543 E Colorado Blvd, Pasadena, CA 91106",34.14627444412603,-118.1185732905998,https://www.yelp.com/biz/bubble-puff-and-tea-pasadena-2?adjust_creative=WYnczc9sYXmFLFotwsvgBA&utm_campaign=yelp_api_v3&utm_medium=api_v3_business_search&utm_source=WYnczc9sYXmFLFotwsvgBA,24.56738375863948,Low
TeaMorrow,4.2,490,$,"Taiwanese, Bubble Tea, Coffee & Tea","1005 Mission St, Ste A, South Pasadena, CA 91030",34.1156051,-118.15694,https://www.yelp.com/biz/teamorrow-south-pasadena-2?adjust_creative=WYnczc9sYXmFLFotwsvgBA&utm_campaign=yelp_api_v3&utm_medium=api_v3_business_search&utm_source=WYnczc9sYXmFLFotwsvgBA,26.025065336736986,Low
Fresh Delicious,4.1,89,,"Bubble Tea, Juice Bars & Smoothies, Taiwanese","229 S 1st Ave, Arcadia, CA 91006",34.13692,-118.02851,https://www.yelp.com/biz/fresh-delicious-arcadia?adjust_creative=WYnczc9sYXmFLFotwsvgBA&utm_campaign=yelp_api_v3&utm_medium=api_v3_business_search&utm_source=WYnczc9sYXmFLFotwsvgBA,18.449219648354084,Unknown
Sun Tea Day,4.7,246,$$,"Bubble Tea, Coffee & Tea, Juice Bars & Smoothies","921 S Baldwin Ave, Ste E, Arcadia, CA 91007",34.12929,-118.05493,https://www.yelp.com/biz/sun-tea-day-arcadia-2?adjust_creative=WYnczc9sYXmFLFotwsvgBA&utm_campaign=yelp_api_v3&utm_medium=api_v3_business_search&utm_source=WYnczc9sYXmFLFotwsvgBA,25.894125182151495,Medium
Lollicup Fresh,4.6,32,,"Coffee & Tea, Bubble Tea, Juice Bars & Smoothies","400 S Baldwin Ave, Ste 9038, Arcadia, CA 91007",34.135381936697826,-118.0510761315142,https://www.yelp.com/biz/lollicup-fresh-arcadia?adjust_creative=WYnczc9sYXmFLFotwsvgBA&utm_campaign=yelp_api_v3&utm_medium=api_v3_business_search&utm_source=WYnczc9sYXmFLFotwsvgBA,16.083934782745807,Unknown
Squishmallow Surf Club,4.2,5,,"Desserts, Bubble Tea, Coffee & Tea","5805 Rosemead Blvd, Temple City, CA 91780",34.105411710370134,-118.07454232261124,https://www.yelp.com/biz/squishmallow-surf-club-temple-city?adjust_creative=WYnczc9sYXmFLFotwsvgBA&utm_campaign=yelp_api_v3&utm_medium=api_v3_business_search&utm_source=WYnczc9sYXmFLFotwsvgBA,7.525389770757831,Unknown
Simplee Boba,3.7,379,$$,"Bubble Tea, Desserts, Coffee & Tea","954 Mission St, South Pasadena, CA 91030",34.115875,-118.157595,https://www.yelp.com/biz/simplee-boba-south-pasadena?adjust_creative=WYnczc9sYXmFLFotwsvgBA&utm_campaign=yelp_api_v3&utm_medium=api_v3_business_search&utm_source=WYnczc9sYXmFLFotwsvgBA,21.9786336350656,Medium
Lollicup Fresh,4.3,3,,"Bubble Tea, Coffee & Tea, Juice Bars & Smoothies","1628 Montebello Town Ctr, Montebello, CA 90640",34.03688,-118.08669,https://www.yelp.com/biz/lollicup-fresh-montebello?adjust_creative=WYnczc9sYXmFLFotwsvgBA&utm_campaign=yelp_api_v3&utm_medium=api_v3_business_search&utm_source=WYnczc9sYXmFLFotwsvgBA,5.9610657528155295,Unknown
Tpumps,4.3,116,$,"Bubble Tea, Juice Bars & Smoothies, Coffee & Tea","510 S Myrtle Ave, Monrovia, CA 91016",34.14663,-118.00058,https://www.yelp.com/biz/tpumps-monrovia?adjust_creative=WYnczc9sYXmFLFotwsvgBA&utm_campaign=yelp_api_v3&utm_medium=api_v3_business_search&utm_source=WYnczc9sYXmFLFotwsvgBA,20.47734791963035,Low
Boba Box,4.4,342,$$,"Coffee & Tea, Bubble Tea, Juice Bars & Smoothies","101 W Foothill Blvd, Monrovia, CA 91016",34.1515514153583,-118.001355465962,https://www.yelp.com/biz/boba-box-monrovia-2?adjust_creative=WYnczc9sYXmFLFotwsvgBA&utm_campaign=yelp_api_v3&utm_medium=api_v3_business_search&utm_source=WYnczc9sYXmFLFotwsvgBA,25.68601396753014,Medium
Boba Friend,4.6,264,,"Bubble Tea, Desserts, Juice Bars & Smoothies","346 W Huntington Dr, Monrovia, CA 91016",34.13947577808158,-118.0071831348323,https://www.yelp.com/biz/boba-friend-monrovia?adjust_creative=WYnczc9sYXmFLFotwsvgBA&utm_campaign=yelp_api_v3&utm_medium=api_v3_business_search&utm_source=WYnczc9sYXmFLFotwsvgBA,25.66675719953662,Unknown
It’s Boba Time - Pasadena,3.9,97,$$,"Bubble Tea, Juice Bars & Smoothies, Acai Bowls","1810 E Colorado Blvd, Pasadena, CA 91106",34.145796,-118.11297,https://www.yelp.com/biz/it-s-boba-time-pasadena-pasadena-2?adjust_creative=WYnczc9sYXmFLFotwsvgBA&utm_campaign=yelp_api_v3&utm_medium=api_v3_business_search&utm_source=WYnczc9sYXmFLFotwsvgBA,17.88137316681523,Medium
BoBa ChaCha Pasadena,4.2,343,$$,"Coffee & Tea, Bubble Tea","26 N Raymond Ave, Pasadena, CA 91103",34.14634,-118.14862,https://www.yelp.com/biz/boba-chacha-pasadena-pasadena?adjust_creative=WYnczc9sYXmFLFotwsvgBA&utm_campaign=yelp_api_v3&utm_medium=api_v3_business_search&utm_source=WYnczc9sYXmFLFotwsvgBA,24.530694960968273,Medium
Bobby Thai,4.7,124,$$,"Thai, Noodles, Bubble Tea","9814 Garvey Ave, El Monte, CA 91733",34.06251946093378,-118.05522547058656,https://www.yelp.com/biz/bobby-thai-el-monte?adjust_creative=WYnczc9sYXmFLFotwsvgBA&utm_campaign=yelp_api_v3&utm_medium=api_v3_business_search&utm_source=WYnczc9sYXmFLFotwsvgBA,22.693074565320817,Medium
Quickly,3.7,117,$,"Bubble Tea, Chinese, Fast Food","8930 Mission Dr, Ste 103, Rosemead, CA 91770",34.08439,-118.07449,https://www.yelp.com/biz/quickly-rosemead-2?adjust_creative=WYnczc9sYXmFLFotwsvgBA&utm_campaign=yelp_api_v3&utm_medium=api_v3_business_search&utm_source=WYnczc9sYXmFLFotwsvgBA,17.651533110522962,Low
Oops Boba Tea & Coffee - Arcadia,4.2,369,$$,"Bubble Tea, Coffee & Tea","411 E Huntington Dr, Ste 110, Arcadia, CA 91006",34.141051,-118.021805,https://www.yelp.com/biz/oops-boba-tea-and-coffee-arcadia-arcadia?adjust_creative=WYnczc9sYXmFLFotwsvgBA&utm_campaign=yelp_api_v3&utm_medium=api_v3_business_search&utm_source=WYnczc9sYXmFLFotwsvgBA,24.836712623680736,Medium
Tasty Corner,5.0,2,,"Chinese, Bubble Tea, Juice Bars & Smoothies","2099 S Atlantic Blvd, Monterey Park, CA 91754",34.040195142994,-118.1439488,https://www.yelp.com/biz/tasty-corner-monterey-park?adjust_creative=WYnczc9sYXmFLFotwsvgBA&utm_campaign=yelp_api_v3&utm_medium=api_v3_business_search&utm_source=WYnczc9sYXmFLFotwsvgBA,5.493061443340547,Unknown
Tea Brick - Arcadia,4.0,212,$$,"Bubble Tea, Desserts, Juice Bars & Smoothies","1 W Duarte Rd, Ste A, Arcadia, CA 91007",34.1298379748168,-118.031637920277,https://www.yelp.com/biz/tea-brick-arcadia-arcadia?adjust_creative=WYnczc9sYXmFLFotwsvgBA&utm_campaign=yelp_api_v3&utm_medium=api_v3_business_search&utm_source=WYnczc9sYXmFLFotwsvgBA,21.445168662837702,Medium
Boba 5,4.5,2,,"Bubble Tea, Japanese Curry, Hawaiian","238 S Arroyo Pkwy, Pasadena, CA 91105",34.141709,-118.147097,https://www.yelp.com/biz/boba-5-pasadena?adjust_creative=WYnczc9sYXmFLFotwsvgBA&utm_campaign=yelp_api_v3&utm_medium=api_v3_business_search&utm_source=WYnczc9sYXmFLFotwsvgBA,4.943755299006493,Unknown
Sunmerry Bakery Café,3.5,136,$,"Bakeries, Coffee & Tea, Bubble Tea","400 S Baldwin Ave, Ste G1, Arcadia, CA 91007",34.13324033529458,-118.0524652556324,https://www.yelp.com/biz/sunmerry-bakery-caf%C3%A9-arcadia?adjust_creative=WYnczc9sYXmFLFotwsvgBA&utm_campaign=yelp_api_v3&utm_medium=api_v3_business_search&utm_source=WYnczc9sYXmFLFotwsvgBA,17.219933240398436,Low
Panda Express + Tea Bar,3.3,232,$$,"Chinese, Fast Food, Bubble Tea","216 S Lake Ave, Pasadena, CA 91101",34.14088,-118.132055,https://www.yelp.com/biz/panda-express-tea-bar-pasadena?adjust_creative=WYnczc9sYXmFLFotwsvgBA&utm_campaign=yelp_api_v3&utm_medium=api_v3_business_search&utm_source=WYnczc9sYXmFLFotwsvgBA,17.98842689676681,Medium
Quickly,3.4,178,$,"Coffee & Tea, Bubble Tea","9445 E Las Tunas Dr, Temple City, CA 91780",34.10689281111357,-118.06485660348744,https://www.yelp.com/biz/quickly-temple-city?adjust_creative=WYnczc9sYXmFLFotwsvgBA&utm_campaign=yelp_api_v3&utm_medium=api_v3_business_search&utm_source=WYnczc9sYXmFLFotwsvgBA,17.637111739858565,Low
Yummeet Hunan Restaurant,4.0,25,,"Chinese, Bubble Tea","8450 Garvey Ave, Ste 102, Rosemead, CA 91770",34.0623932,-118.0845595,https://www.yelp.com/biz/yummeet-hunan-restaurant-rosemead?adjust_creative=WYnczc9sYXmFLFotwsvgBA&utm_campaign=yelp_api_v3&utm_medium=api_v3_business_search&utm_source=WYnczc9sYXmFLFotwsvgBA,13.032386152085929,Unknown
It's Boba Time - Arcadia,4.0,85,$$,"Bubble Tea, Juice Bars & Smoothies, Acai Bowls","400 South Baldwin Ave, Arcadia, CA 91007",34.134923,-118.050996,https://www.yelp.com/biz/its-boba-time-arcadia-arcadia-2?adjust_creative=WYnczc9sYXmFLFotwsvgBA&utm_campaign=yelp_api_v3&utm_medium=api_v3_business_search&utm_source=WYnczc9sYXmFLFotwsvgBA,17.81738918501403,Medium
Bobablastic,4.9,29,,"Bubble Tea, Desserts","730 S Myrtle Ave, Monrovia, CA 91016",34.14406,-118.00076,https://www.yelp.com/biz/bobablastic-monrovia?adjust_creative=WYnczc9sYXmFLFotwsvgBA&utm_campaign=yelp_api_v3&utm_medium=api_v3_business_search&utm_source=WYnczc9sYXmFLFotwsvgBA,16.665867170144562,Unknown
Boba & Eats,4.9,33,$,"Bubble Tea, Coffee & Tea, Ramen","10990 Lower Azusa Rd, Unit 3, El Monte, CA 91731",34.09189481343551,-118.02753990475964,https://www.yelp.com/biz/boba-and-eats-el-monte-2?adjust_creative=WYnczc9sYXmFLFotwsvgBA&utm_campaign=yelp_api_v3&utm_medium=api_v3_business_search&utm_source=WYnczc9sYXmFLFotwsvgBA,17.279166570619193,Low
Stinky Boba,4.2,73,,Bubble Tea,"506 S Myrtle Ave, Monrovia, CA 91016",34.14672,-118.00051495395212,https://www.yelp.com/biz/stinky-boba-monrovia?adjust_creative=WYnczc9sYXmFLFotwsvgBA&utm_campaign=yelp_api_v3&utm_medium=api_v3_business_search&utm_source=WYnczc9sYXmFLFotwsvgBA,18.07707339145751,Unknown
Mom's Bakery & Tea House,4.1,48,$,"Bakeries, Bubble Tea","11850 E Valley Blvd, Ste 214, El Monte, CA 91732",34.0635787493257,-118.02162688833494,https://www.yelp.com/biz/moms-bakery-and-tea-house-el-monte-7?adjust_creative=WYnczc9sYXmFLFotwsvgBA&utm_campaign=yelp_api_v3&utm_medium=api_v3_business_search&utm_source=WYnczc9sYXmFLFotwsvgBA,15.956463222253568,Low
Monja Taiker,4.0,127,$$,"Taiwanese, Desserts, Bubble Tea","103 E Huntington Dr, Arcadia, CA 91006",34.140268,-118.028082,https://www.yelp.com/biz/monja-taiker-arcadia?adjust_creative=WYnczc9sYXmFLFotwsvgBA&utm_campaign=yelp_api_v3&utm_medium=api_v3_business_search&utm_source=WYnczc9sYXmFLFotwsvgBA,19.408121055678468,Medium
Tapioca Express,3.4,214,$,"Coffee & Tea, Juice Bars & Smoothies, Bubble Tea","228 W Valley Blvd, Ste 105, Alhambra, CA 91801",34.07831355920254,-118.12485243005878,https://www.yelp.com/biz/tapioca-express-alhambra-4?adjust_creative=WYnczc9sYXmFLFotwsvgBA&utm_campaign=yelp_api_v3&utm_medium=api_v3_business_search&utm_source=WYnczc9sYXmFLFotwsvgBA,18.260169295634054,Low
Cup of Cha Tea House,0.0,0,,"Bubble Tea, Caterers","521 S Myrtle Ave Unit, Monrovia, CA 91016",34.146284,-118.001273,https://www.yelp.com/biz/cup-of-cha-tea-house-monrovia-5?adjust_creative=WYnczc9sYXmFLFotwsvgBA&utm_campaign=yelp_api_v3&utm_medium=api_v3_business_search&utm_source=WYnczc9sYXmFLFotwsvgBA,0.0,Unknown
Little Dimples Playground & Cafe,4.2,255,$,"Indoor Playcenter, Bubble Tea, Venues & Event Spaces","1415 N Montebello Blvd, Montebello, CA 90640",34.033587399921,-118.095250949264,https://www.yelp.com/biz/little-dimples-playground-and-cafe-montebello?adjust_creative=WYnczc9sYXmFLFotwsvgBA&utm_campaign=yelp_api_v3&utm_medium=api_v3_business_search&utm_source=WYnczc9sYXmFLFotwsvgBA,23.289745266814162,Low
Prinkipia,3.9,46,$,"Coffee & Tea, Bubble Tea, Juice Bars & Smoothies","2134 Montebello Town Ctr, Montebello, CA 90640",34.03593650000001,-118.08411565104753,https://www.yelp.com/biz/prinkipia-montebello?adjust_creative=WYnczc9sYXmFLFotwsvgBA&utm_campaign=yelp_api_v3&utm_medium=api_v3_business_search&utm_source=WYnczc9sYXmFLFotwsvgBA,15.015575646669227,Low
Got Boba,3.7,118,$,"Juice Bars & Smoothies, Bubble Tea","421 N Atlantic Blvd, Ste 104, Monterey Park, CA 91754",34.06735,-118.13483,https://www.yelp.com/biz/got-boba-monterey-park-3?adjust_creative=WYnczc9sYXmFLFotwsvgBA&utm_campaign=yelp_api_v3&utm_medium=api_v3_business_search&utm_source=WYnczc9sYXmFLFotwsvgBA,17.68275692451266,Low
E@cup,3.4,51,$,"Bubble Tea, Chinese","10138 E Garvey Ave, Ste B, El Monte, CA 91733",34.0620937,-118.04764508159732,https://www.yelp.com/biz/e-cup-el-monte?adjust_creative=WYnczc9sYXmFLFotwsvgBA&utm_campaign=yelp_api_v3&utm_medium=api_v3_business_search&utm_source=WYnczc9sYXmFLFotwsvgBA,13.434228643176853,Low
PokeMIX,3.9,556,$$,"Hawaiian, Bubble Tea, Poke","99 S Lake Ave, Ste 102, Pasadena, CA 91101",34.14392902281603,-118.13255798569529,https://www.yelp.com/biz/pokemix-pasadena?adjust_creative=WYnczc9sYXmFLFotwsvgBA&utm_campaign=yelp_api_v3&utm_medium=api_v3_business_search&utm_source=WYnczc9sYXmFLFotwsvgBA,24.658004435716407,Medium
Señor Wok,3.5,43,$,"Chinese, Bubble Tea, Salad","5440 Whittier Blvd, Los Angeles, CA 90022",34.01905626131944,-118.1527849,https://www.yelp.com/biz/se%C3%B1or-wok-los-angeles-2?adjust_creative=WYnczc9sYXmFLFotwsvgBA&utm_campaign=yelp_api_v3&utm_medium=api_v3_business_search&utm_source=WYnczc9sYXmFLFotwsvgBA,13.244663718713914,Low
QQ Kitchen,3.7,213,$$,"Taiwanese, Noodles, Bubble Tea","9441 1/2 Las Tunas Dr, Temple City, CA 91780",34.1068917395694,-118.065102082062,https://www.yelp.com/biz/qq-kitchen-temple-city?adjust_creative=WYnczc9sYXmFLFotwsvgBA&utm_campaign=yelp_api_v3&utm_medium=api_v3_business_search&utm_source=WYnczc9sYXmFLFotwsvgBA,19.85411125558085,Medium
Little House Boba,3.6,15,,"Coffee & Tea, Sandwiches, Bubble Tea","2650 Rosemead Blvd, Unit B, South El Monte, CA 91733",34.06045,-118.06382,https://www.yelp.com/biz/little-house-boba-south-el-monte-8?adjust_creative=WYnczc9sYXmFLFotwsvgBA&utm_campaign=yelp_api_v3&utm_medium=api_v3_business_search&utm_source=WYnczc9sYXmFLFotwsvgBA,9.981319400063212,Unknown
My Friends Cafe,4.7,105,,"Acai Bowls, Bubble Tea, Juice Bars & Smoothies","1 Kersting Ct, Sierra Madre, CA 91024",34.16244,-118.052922,https://www.yelp.com/biz/my-friends-cafe-sierra-madre-2?adjust_creative=WYnczc9sYXmFLFotwsvgBA&utm_campaign=yelp_api_v3&utm_medium=api_v3_business_search&utm_source=WYnczc9sYXmFLFotwsvgBA,21.918163742326715,Unknown
J & B Donuts,4.7,22,$,"Donuts, Ice Cream & Frozen Yogurt, Bubble Tea","2345 Whittier Blvd, Montebello, CA 90640",34.0133788445075,-118.126443474835,https://www.yelp.com/biz/j-and-b-donuts-montebello?adjust_creative=WYnczc9sYXmFLFotwsvgBA&utm_campaign=yelp_api_v3&utm_medium=api_v3_business_search&utm_source=WYnczc9sYXmFLFotwsvgBA,14.736822814867004,Low
Janejira Thai Bistro,4.4,475,$$,"Thai, Bubble Tea, Juice Bars & Smoothies","754 E Colorado Blvd, Pasadena, CA 91101",34.1455399,-118.13476,https://www.yelp.com/biz/janejira-thai-bistro-pasadena-6?adjust_creative=WYnczc9sYXmFLFotwsvgBA&utm_campaign=yelp_api_v3&utm_medium=api_v3_business_search&utm_source=WYnczc9sYXmFLFotwsvgBA,27.12783855861825,Medium
BMC Pho,3.2,223,$,"Vietnamese, Noodles, Bubble Tea","11016 Lower Azusa Rd, El Monte, CA 91731",34.0918956,-118.0256412,https://www.yelp.com/biz/bmc-pho-el-monte-10?adjust_creative=WYnczc9sYXmFLFotwsvgBA&utm_campaign=yelp_api_v3&utm_medium=api_v3_business_search&utm_source=WYnczc9sYXmFLFotwsvgBA,17.31726736593613,Low
Tasty Bowl,4.4,139,$$,"Japanese, Bubble Tea, Korean","2603 Tyler Ave, El Monte, CA 91733",34.058721,-118.035855,https://www.yelp.com/biz/tasty-bowl-el-monte-2?adjust_creative=WYnczc9sYXmFLFotwsvgBA&utm_campaign=yelp_api_v3&utm_medium=api_v3_business_search&utm_source=WYnczc9sYXmFLFotwsvgBA,21.74322665948094,Medium
Sunny Express,2.9,48,$,"Chinese, Bubble Tea, Fast Food","9930 E Garvey Ave, El Monte, CA 91733",34.0627016587127,-118.051741554637,https://www.yelp.com/biz/sunny-express-el-monte-2?adjust_creative=WYnczc9sYXmFLFotwsvgBA&utm_campaign=yelp_api_v3&utm_medium=api_v3_business_search&utm_source=WYnczc9sYXmFLFotwsvgBA,11.286278864520817,Low
